pair,broker,candidate_mean_price_units_per_unit,candidate_mean_pips_per_unit,candidate_mean_shortfall_per_order,routed_orders,ticks,route_share
AUDUSD,BROKER_A,7.027532901665061e-05,0.7027532901665061,7.027532901665061,0,1477644,0.0
AUDUSD,BROKER_B,6.727559063114677e-05,0.6727559063114676,6.727559063114676,0,1477644,0.0
AUDUSD,BROKER_C,6.527513288042525e-05,0.6527513288042525,6.527513288042526,1477268,1477644,0.9997455408745273
EURUSD,BROKER_A,2.9796307418092756e-05,0.29796307418092755,2.9796307418092756,0,2176113,0.0
EURUSD,BROKER_B,2.6796469324174032e-05,0.2679646932417403,2.6796469324174033,0,2176113,0.0
EURUSD,BROKER_C,2.479655840809364e-05,0.2479655840809364,2.479655840809364,2175563,2176113,0.9997472557721038
GBPUSD,BROKER_A,6.169330751748448e-05,0.6169330751748447,6.169330751748448,0,2146970,0.0
GBPUSD,BROKER_B,5.8693664783819405e-05,0.5869366478381941,5.869366478381941,0,2146970,0.0
GBPUSD,BROKER_C,5.6693619209968694e-05,0.5669361920996869,5.669361920996869,2146427,2146970,0.9997470854273698
USDJPY,BROKER_A,0.003459714132540874,0.3459714132540874,345.9714132540874,0,3758424,0.0
USDJPY,BROKER_B,0.003456705309241076,0.3456705309241076,345.6705309241076,0,3758424,0.0
USDJPY,BROKER_C,0.003454749968928303,0.3454749968928303,345.4749968928303,3757473,3758424,0.9997469684101634
