pair,fold,train_start,train_end,purge_start,purge_end,test_start,test_end,embargo_end,pip_scale,threshold_raw,threshold_pips,train_pnl_raw,test_pnl_raw,train_pnl_pips,test_pnl_pips,train_pnl_pips_per_bar,test_pnl_pips_per_bar,alpha_decay,train_observations,test_observations,test_date,alpha_decay_pct
AUDUSD,0,2024-01-01 22:00:00+00:00,2024-01-03 15:35:00+00:00,2024-01-03 15:40:00+00:00,2024-01-03 16:00:00+00:00,2024-01-03 16:05:00+00:00,2024-01-04 04:30:00+00:00,2024-01-04 04:55:00+00:00,10000,2.4999999999941735e-05,0.24999999999941735,0.0919549999999999,0.024074999999998847,919.5499999999989,240.74999999998846,1.839099999999998,1.6049999999999232,0.7381871567614717,500,150,2024-01-03 16:05:00+00:00,73.81871567614718
AUDUSD,1,2024-01-04 05:00:00+00:00,2024-01-07 22:35:00+00:00,2024-01-07 22:40:00+00:00,2024-01-07 23:00:00+00:00,2024-01-07 23:05:00+00:00,2024-01-08 11:30:00+00:00,2024-01-08 11:55:00+00:00,10000,2.4999999999941735e-05,0.24999999999941735,0.09590999999999972,0.030120000000000036,959.0999999999972,301.20000000000033,1.9181999999999944,2.0080000000000022,0.6859555833593982,500,150,2024-01-07 23:05:00+00:00,68.59555833593983
AUDUSD,2,2024-01-08 12:00:00+00:00,2024-01-10 05:35:00+00:00,2024-01-10 05:40:00+00:00,2024-01-10 06:00:00+00:00,2024-01-10 06:05:00+00:00,2024-01-10 18:30:00+00:00,2024-01-10 18:55:00+00:00,10000,2.0000000000020002e-05,0.20000000000020002,0.0799949999999986,0.02096499999999879,799.949999999986,209.6499999999879,1.599899999999972,1.397666666666586,0.7379211200700149,500,150,2024-01-10 06:05:00+00:00,73.79211200700149
AUDUSD,3,2024-01-10 19:00:00+00:00,2024-01-12 12:35:00+00:00,2024-01-12 12:40:00+00:00,2024-01-12 13:00:00+00:00,2024-01-12 13:05:00+00:00,2024-01-15 01:30:00+00:00,2024-01-15 01:55:00+00:00,10000,2.0000000000020002e-05,0.20000000000020002,0.08619000000000121,0.030645000000000144,861.9000000000121,306.45000000000147,1.7238000000000242,2.04300000000001,0.6444483118691297,500,150,2024-01-12 13:05:00+00:00,64.44483118691296
AUDUSD,4,2024-01-15 02:00:00+00:00,2024-01-16 19:35:00+00:00,2024-01-16 19:40:00+00:00,2024-01-16 20:00:00+00:00,2024-01-16 20:05:00+00:00,2024-01-17 08:30:00+00:00,2024-01-17 08:55:00+00:00,10000,1.999999999990898e-05,0.1999999999990898,0.0774449999999981,0.019489999999999896,774.449999999981,194.89999999999895,1.548899999999962,1.2993333333333263,0.7483375298598958,500,150,2024-01-16 20:05:00+00:00,74.83375298598958
EURUSD,0,2024-01-01 22:00:00+00:00,2024-01-03 15:35:00+00:00,2024-01-03 15:40:00+00:00,2024-01-03 16:00:00+00:00,2024-01-03 16:05:00+00:00,2024-01-04 04:30:00+00:00,2024-01-04 04:55:00+00:00,10000,2.0000000000131024e-05,0.20000000000131024,0.0918049999999988,0.020869999999999722,918.049999999988,208.69999999999723,1.836099999999976,1.3913333333333149,0.7726703338598115,500,150,2024-01-03 16:05:00+00:00,77.26703338598115
EURUSD,1,2024-01-04 05:00:00+00:00,2024-01-07 22:35:00+00:00,2024-01-07 22:40:00+00:00,2024-01-07 23:00:00+00:00,2024-01-07 23:05:00+00:00,2024-01-08 11:30:00+00:00,2024-01-08 11:55:00+00:00,10000,2.999999999997449e-05,0.2999999999997449,0.09932500000000433,0.021660000000000457,993.2500000000433,216.60000000000457,1.9865000000000865,1.4440000000000304,0.7819280140951471,500,150,2024-01-07 23:05:00+00:00,78.19280140951471
EURUSD,2,2024-01-08 12:00:00+00:00,2024-01-10 05:35:00+00:00,2024-01-10 05:40:00+00:00,2024-01-10 06:00:00+00:00,2024-01-10 06:05:00+00:00,2024-01-10 18:30:00+00:00,2024-01-10 18:55:00+00:00,10000,1.4999999999876223e-05,0.14999999999876223,0.07997499999999524,0.028979999999999784,799.7499999999525,289.79999999999785,1.5994999999999049,1.9319999999999857,0.6376367614879461,500,150,2024-01-10 06:05:00+00:00,63.763676148794616
EURUSD,3,2024-01-10 19:00:00+00:00,2024-01-12 12:35:00+00:00,2024-01-12 12:40:00+00:00,2024-01-12 13:00:00+00:00,2024-01-12 13:05:00+00:00,2024-01-15 01:30:00+00:00,2024-01-15 01:55:00+00:00,10000,1.4999999999876223e-05,0.14999999999876223,0.08826499999999649,0.029840000000002753,882.6499999999648,298.40000000002755,1.7652999999999297,1.989333333333517,0.6619271511923872,500,150,2024-01-12 13:05:00+00:00,66.19271511923873
EURUSD,4,2024-01-15 02:00:00+00:00,2024-01-17 00:35:00+00:00,2024-01-17 00:40:00+00:00,2024-01-17 01:00:00+00:00,2024-01-17 01:05:00+00:00,2024-01-17 13:30:00+00:00,2024-01-17 13:55:00+00:00,10000,1.500000000005386e-05,0.1500000000005386,0.08314999999999939,0.025009999999998644,831.4999999999939,250.09999999998644,1.6629999999999878,1.667333333333243,0.6992182802164904,500,150,2024-01-17 01:05:00+00:00,69.92182802164903
GBPUSD,0,2024-01-01 22:00:00+00:00,2024-01-03 15:35:00+00:00,2024-01-03 15:40:00+00:00,2024-01-03 16:00:00+00:00,2024-01-03 16:05:00+00:00,2024-01-04 04:30:00+00:00,2024-01-04 04:55:00+00:00,10000,2.8999999999834734e-05,0.28999999999834736,0.11944499999999825,0.025905000000001843,1194.4499999999825,259.05000000001843,2.388899999999965,1.7270000000001229,0.7831219389677071,500,150,2024-01-03 16:05:00+00:00,78.31219389677071
GBPUSD,1,2024-01-04 05:00:00+00:00,2024-01-07 22:40:00+00:00,2024-01-07 22:45:00+00:00,2024-01-07 23:05:00+00:00,2024-01-07 23:10:00+00:00,2024-01-08 11:35:00+00:00,2024-01-08 12:00:00+00:00,10000,2.999999999997449e-05,0.2999999999997449,0.1308100000000021,0.03036000000000505,1308.1000000000208,303.6000000000505,2.616200000000042,2.0240000000003366,0.767907652320124,500,150,2024-01-07 23:10:00+00:00,76.7907652320124
GBPUSD,2,2024-01-08 12:05:00+00:00,2024-01-10 05:40:00+00:00,2024-01-10 05:45:00+00:00,2024-01-10 06:05:00+00:00,2024-01-10 06:10:00+00:00,2024-01-10 18:35:00+00:00,2024-01-10 19:00:00+00:00,10000,2.0000000000131024e-05,0.20000000000131024,0.10158499999999804,0.03322999999999965,1015.8499999999804,332.2999999999965,2.0316999999999608,2.21533333333331,0.6728847762957101,500,150,2024-01-10 06:10:00+00:00,67.288477629571
GBPUSD,3,2024-01-10 19:05:00+00:00,2024-01-12 12:40:00+00:00,2024-01-12 12:45:00+00:00,2024-01-12 13:05:00+00:00,2024-01-12 13:10:00+00:00,2024-01-15 01:35:00+00:00,2024-01-15 02:00:00+00:00,10000,2.3999999999979614e-05,0.23999999999979615,0.11897000000000091,0.04057000000000133,1189.7000000000091,405.7000000000133,2.379400000000018,2.704666666666755,0.6589896612591324,500,150,2024-01-12 13:10:00+00:00,65.89896612591323
GBPUSD,4,2024-01-15 02:05:00+00:00,2024-01-16 19:40:00+00:00,2024-01-16 19:45:00+00:00,2024-01-16 20:05:00+00:00,2024-01-16 20:10:00+00:00,2024-01-17 08:35:00+00:00,2024-01-17 09:00:00+00:00,10000,1.999999999990898e-05,0.1999999999990898,0.1120350000000021,0.028899999999999926,1120.350000000021,288.99999999999926,2.240700000000042,1.9266666666666616,0.7420448966840775,500,150,2024-01-16 20:10:00+00:00,74.20448966840775
USDJPY,0,2024-01-01 22:00:00+00:00,2024-01-03 15:35:00+00:00,2024-01-03 15:40:00+00:00,2024-01-03 16:00:00+00:00,2024-01-03 16:05:00+00:00,2024-01-04 04:30:00+00:00,2024-01-04 04:55:00+00:00,100,0.0030000000000143245,0.30000000000143245,16.91999999999996,5.139500000000055,1691.999999999996,513.9500000000055,3.383999999999992,3.42633333333337,0.6962470449172538,500,150,2024-01-03 16:05:00+00:00,69.62470449172538
USDJPY,1,2024-01-04 05:00:00+00:00,2024-01-07 22:40:00+00:00,2024-01-07 22:45:00+00:00,2024-01-07 23:05:00+00:00,2024-01-07 23:10:00+00:00,2024-01-08 11:35:00+00:00,2024-01-08 12:00:00+00:00,100,0.003500000000030923,0.3500000000030923,20.61699999999999,5.195500000000095,2061.699999999999,519.5500000000095,4.1233999999999975,3.46366666666673,0.7479992239414028,500,150,2024-01-07 23:10:00+00:00,74.79992239414028
USDJPY,2,2024-01-08 12:05:00+00:00,2024-01-10 05:40:00+00:00,2024-01-10 05:45:00+00:00,2024-01-10 06:05:00+00:00,2024-01-10 06:10:00+00:00,2024-01-10 18:35:00+00:00,2024-01-10 19:00:00+00:00,100,0.004000000000019099,0.40000000000190994,16.819500000000573,4.665999999999968,1681.9500000000573,466.59999999999684,3.3639000000001147,3.1106666666666456,0.7225839055857898,500,150,2024-01-10 06:10:00+00:00,72.25839055857898
USDJPY,3,2024-01-10 19:05:00+00:00,2024-01-12 12:40:00+00:00,2024-01-12 12:45:00+00:00,2024-01-12 13:05:00+00:00,2024-01-12 13:10:00+00:00,2024-01-15 01:35:00+00:00,2024-01-15 02:00:00+00:00,100,0.004500000000007276,0.4500000000007276,18.247000000000128,5.58499999999961,1824.7000000000128,558.499999999961,3.6494000000000257,3.7233333333330734,0.693922288595409,500,150,2024-01-12 13:10:00+00:00,69.39222885954091
USDJPY,4,2024-01-15 02:05:00+00:00,2024-01-16 19:40:00+00:00,2024-01-16 19:45:00+00:00,2024-01-16 20:05:00+00:00,2024-01-16 20:10:00+00:00,2024-01-17 08:35:00+00:00,2024-01-17 09:00:00+00:00,100,0.0020000000000038654,0.20000000000038654,14.245000000000289,4.473500000000115,1424.5000000000289,447.3500000000115,2.849000000000058,2.98233333333341,0.6859599859599843,500,150,2024-01-16 20:10:00+00:00,68.59599859599842
